city,year,pollutant,sector,emissions
Beijing,2010,bc,BUILDINGS,5197.304133288562
Beijing,2010,bc,POWER_INDUSTRY,44.62299259006977
Beijing,2010,oc,BUILDINGS,23361.801348239183
Beijing,2010,pm2_5,BUILDINGS,49362.76910024881
Beijing,2010,pm2_5,POWER_INDUSTRY,977.9608945846558
Beijing,2010,pm2_5,TRANSPORT,6587.639660548419
Beijing,2010,so2,POWER_INDUSTRY,17432.133897542953
Beijing,2011,bc,BUILDINGS,4809.217918310314
Beijing,2011,bc,POWER_INDUSTRY,46.705086797475815
Beijing,2011,oc,BUILDINGS,22049.111204579473
Beijing,2011,pm2_5,BUILDINGS,46448.2355671227
Beijing,2011,pm2_5,POWER_INDUSTRY,1030.613037109375
Beijing,2011,pm2_5,TRANSPORT,6635.067064782139
Beijing,2011,so2,POWER_INDUSTRY,17728.31605106592
Beijing,2012,bc,BUILDINGS,4660.888641521335
Beijing,2012,bc,POWER_INDUSTRY,44.422429479658604
Beijing,2012,oc,BUILDINGS,21763.511981099844
Beijing,2012,pm2_5,BUILDINGS,45684.87783971429
Beijing,2012,pm2_5,POWER_INDUSTRY,984.3644762039185
Beijing,2012,pm2_5,TRANSPORT,6896.329843271058
Beijing,2012,so2,POWER_INDUSTRY,16689.833357930183
Beijing,2013,bc,BUILDINGS,4621.016481034458
Beijing,2013,bc,POWER_INDUSTRY,44.302678659558296
Beijing,2013,oc,BUILDINGS,22112.710259854794
Beijing,2013,pm2_5,BUILDINGS,46133.276356101036
Beijing,2013,pm2_5,POWER_INDUSTRY,990.2747044563293
Beijing,2013,pm2_5,TRANSPORT,6685.590308624785
Beijing,2013,so2,POWER_INDUSTRY,16198.584905385971
Beijing,2014,bc,BUILDINGS,4442.358152218163
Beijing,2014,bc,POWER_INDUSTRY,43.720358084887266
Beijing,2014,oc,BUILDINGS,21287.800296008587
Beijing,2014,pm2_5,BUILDINGS,44363.011473596096
Beijing,2014,pm2_5,POWER_INDUSTRY,997.5291900634766
Beijing,2014,pm2_5,TRANSPORT,6538.829624143429
Beijing,2014,so2,POWER_INDUSTRY,15273.857304155827
Beijing,2015,bc,BUILDINGS,4442.56610180065
Beijing,2015,bc,POWER_INDUSTRY,33.064640924334526
Beijing,2015,oc,BUILDINGS,21499.415896058083
Beijing,2015,pm2_5,BUILDINGS,44711.89610028267
Beijing,2015,pm2_5,POWER_INDUSTRY,779.7831401824951
Beijing,2015,pm2_5,TRANSPORT,6062.306697568856
Beijing,2015,so2,POWER_INDUSTRY,10680.984522640705
Chengdu,2010,bc,BUILDINGS,2769.814983436838
Chengdu,2010,bc,POWER_INDUSTRY,23.5801739692688
Chengdu,2010,oc,BUILDINGS,12532.216807208955
Chengdu,2010,pm2_5,BUILDINGS,26408.82613877207
Chengdu,2010,pm2_5,POWER_INDUSTRY,504.31105041503906
Chengdu,2010,pm2_5,TRANSPORT,1168.9424759615213
Chengdu,2010,so2,POWER_INDUSTRY,9685.339111328125
Chengdu,2011,bc,BUILDINGS,2659.271541127935
Chengdu,2011,bc,POWER_INDUSTRY,24.54205322265625
Chengdu,2011,oc,BUILDINGS,12271.770994752645
Chengdu,2011,pm2_5,BUILDINGS,25781.73123022914
Chengdu,2011,pm2_5,POWER_INDUSTRY,527.200309753418
Chengdu,2011,pm2_5,TRANSPORT,1206.4149722410366
Chengdu,2011,so2,POWER_INDUSTRY,9845.85009765625
Chengdu,2012,bc,BUILDINGS,2523.5298857670277
Chengdu,2012,bc,POWER_INDUSTRY,17.887866973876953
Chengdu,2012,oc,BUILDINGS,11865.517857946455
Chengdu,2012,pm2_5,BUILDINGS,24835.40467557311
Chengdu,2012,pm2_5,POWER_INDUSTRY,385.6684265136719
Chengdu,2012,pm2_5,TRANSPORT,1256.9068060116842
Chengdu,2012,so2,POWER_INDUSTRY,7132.5693359375
Chengdu,2013,bc,BUILDINGS,2243.2971305660903
Chengdu,2013,bc,POWER_INDUSTRY,17.59828758239746
Chengdu,2013,oc,BUILDINGS,10827.023067884147
Chengdu,2013,pm2_5,BUILDINGS,22507.56118130684
Chengdu,2013,pm2_5,POWER_INDUSTRY,380.862548828125
Chengdu,2013,pm2_5,TRANSPORT,1130.2163904253393
Chengdu,2013,so2,POWER_INDUSTRY,6918.70751953125
Chengdu,2014,bc,BUILDINGS,2267.9248602325097
Chengdu,2014,bc,POWER_INDUSTRY,16.799673080444336
Chengdu,2014,oc,BUILDINGS,10955.778865147382
Chengdu,2014,pm2_5,BUILDINGS,22754.929543226957
Chengdu,2014,pm2_5,POWER_INDUSTRY,364.0680847167969
Chengdu,2014,pm2_5,TRANSPORT,1108.883581623435
Chengdu,2014,so2,POWER_INDUSTRY,6514.09375
Chengdu,2015,bc,BUILDINGS,2202.324504043907
Chengdu,2015,bc,POWER_INDUSTRY,15.114269256591797
Chengdu,2015,oc,BUILDINGS,10753.105066824704
Chengdu,2015,pm2_5,BUILDINGS,22280.19684612006
Chengdu,2015,pm2_5,POWER_INDUSTRY,327.81268310546875
Chengdu,2015,pm2_5,TRANSPORT,1072.5493199881166
Chengdu,2015,so2,POWER_INDUSTRY,5781.609375
Guangzhou,2010,bc,BUILDINGS,2388.7475467324257
Guangzhou,2010,bc,POWER_INDUSTRY,61.23065895587206
Guangzhou,2010,oc,BUILDINGS,10741.447285413742
Guangzhou,2010,pm2_5,BUILDINGS,22692.808419942856
Guangzhou,2010,pm2_5,POWER_INDUSTRY,1310.8865928649902
Guangzhou,2010,pm2_5,TRANSPORT,2227.3132378757
Guangzhou,2010,so2,POWER_INDUSTRY,24115.670704483986
Guangzhou,2011,bc,BUILDINGS,2299.5779947936535
Guangzhou,2011,bc,POWER_INDUSTRY,64.5862964913249
Guangzhou,2011,oc,BUILDINGS,10544.202868819237
Guangzhou,2011,pm2_5,BUILDINGS,22211.17471551895
Guangzhou,2011,pm2_5,POWER_INDUSTRY,1385.0363173484802
Guangzhou,2011,pm2_5,TRANSPORT,2277.3876643925905
Guangzhou,2011,so2,POWER_INDUSTRY,24841.368838131428
Guangzhou,2012,bc,BUILDINGS,2178.969750314951
Guangzhou,2012,bc,POWER_INDUSTRY,59.99558389931917
Guangzhou,2012,oc,BUILDINGS,10177.35244166851
Guangzhou,2012,pm2_5,BUILDINGS,21361.253994703293
Guangzhou,2012,pm2_5,POWER_INDUSTRY,1290.1963527202606
Guangzhou,2012,pm2_5,TRANSPORT,2330.5969694554806
Guangzhou,2012,so2,POWER_INDUSTRY,22795.06168961525
Guangzhou,2013,bc,BUILDINGS,2218.25796058774
Guangzhou,2013,bc,POWER_INDUSTRY,59.601005256175995
Guangzhou,2013,oc,BUILDINGS,10614.051091313362
Guangzhou,2013,pm2_5,BUILDINGS,22144.62319087982
Guangzhou,2013,pm2_5,POWER_INDUSTRY,1282.8614430427551
Guangzhou,2013,pm2_5,TRANSPORT,2228.3951557278633
Guangzhou,2013,so2,POWER_INDUSTRY,22122.4948836565
Guangzhou,2014,bc,BUILDINGS,2222.4270339608192
Guangzhou,2014,bc,POWER_INDUSTRY,57.530000641942024
Guangzhou,2014,oc,BUILDINGS,10645.639991283417
Guangzhou,2014,pm2_5,BUILDINGS,22188.824443101883
Guangzhou,2014,pm2_5,POWER_INDUSTRY,1235.9411735534668
Guangzhou,2014,pm2_5,TRANSPORT,4672.045693188906
Guangzhou,2014,so2,POWER_INDUSTRY,20848.192915320396
Guangzhou,2015,bc,BUILDINGS,2167.637797385454
Guangzhou,2015,bc,POWER_INDUSTRY,52.74406784772873
Guangzhou,2015,oc,BUILDINGS,10487.802587270737
Guangzhou,2015,pm2_5,BUILDINGS,21813.265173196793
Guangzhou,2015,pm2_5,POWER_INDUSTRY,1137.0781683921814
Guangzhou,2015,pm2_5,TRANSPORT,4652.493557989597
Guangzhou,2015,so2,POWER_INDUSTRY,18513.4364464283
Shanghai,2010,bc,BUILDINGS,4694.342403329909
Shanghai,2010,bc,POWER_INDUSTRY,46.39037466049194
Shanghai,2010,oc,BUILDINGS,21025.76145130396
Shanghai,2010,pm2_5,BUILDINGS,44492.308656573296
Shanghai,2010,pm2_5,POWER_INDUSTRY,989.8406991958618
Shanghai,2010,pm2_5,TRANSPORT,4695.201875567436
Shanghai,2010,so2,POWER_INDUSTRY,18280.202624320984
Shanghai,2011,bc,BUILDINGS,4463.719638690352
Shanghai,2011,bc,POWER_INDUSTRY,43.03294196724892
Shanghai,2011,oc,BUILDINGS,20385.140752106905
Shanghai,2011,pm2_5,BUILDINGS,43012.95343667269
Shanghai,2011,pm2_5,POWER_INDUSTRY,929.9610662460327
Shanghai,2011,pm2_5,TRANSPORT,4817.088405132294
Shanghai,2011,so2,POWER_INDUSTRY,16230.619303703308
Shanghai,2012,bc,BUILDINGS,4247.6891994178295
Shanghai,2012,bc,POWER_INDUSTRY,41.222942024469376
Shanghai,2012,oc,BUILDINGS,19756.15168568492
Shanghai,2012,pm2_5,BUILDINGS,41539.54004627466
Shanghai,2012,pm2_5,POWER_INDUSTRY,896.9059362411499
Shanghai,2012,pm2_5,TRANSPORT,4920.273074150085
Shanghai,2012,so2,POWER_INDUSTRY,15286.230999469757
Shanghai,2013,bc,BUILDINGS,4498.774955034256
Shanghai,2013,bc,POWER_INDUSTRY,40.29147231578827
Shanghai,2013,oc,BUILDINGS,21430.13548719883
Shanghai,2013,pm2_5,BUILDINGS,44794.51769000292
Shanghai,2013,pm2_5,POWER_INDUSTRY,876.8034534454346
Shanghai,2013,pm2_5,TRANSPORT,4689.912325263023
Shanghai,2013,so2,POWER_INDUSTRY,14548.611761569977
Shanghai,2014,bc,BUILDINGS,4403.77548379451
Shanghai,2014,bc,POWER_INDUSTRY,38.95140394568443
Shanghai,2014,oc,BUILDINGS,21002.572835087776
Shanghai,2014,pm2_5,BUILDINGS,43855.983020722866
Shanghai,2014,pm2_5,POWER_INDUSTRY,844.7844715118408
Shanghai,2014,pm2_5,TRANSPORT,5962.747948884964
Shanghai,2014,so2,POWER_INDUSTRY,13713.432141304016
Shanghai,2015,bc,BUILDINGS,4370.2024995312095
Shanghai,2015,bc,POWER_INDUSTRY,36.43056287616491
Shanghai,2015,oc,BUILDINGS,21044.87985163927
Shanghai,2015,pm2_5,BUILDINGS,43857.424088060856
Shanghai,2015,pm2_5,POWER_INDUSTRY,803.6581299304962
Shanghai,2015,pm2_5,TRANSPORT,6432.310831546783
Shanghai,2015,so2,POWER_INDUSTRY,12186.52040618658
Shenyang,2010,bc,BUILDINGS,2313.8957937955856
Shenyang,2010,bc,POWER_INDUSTRY,34.90683764219284
Shenyang,2010,oc,BUILDINGS,10502.50438451767
Shenyang,2010,pm2_5,BUILDINGS,22103.005029678345
Shenyang,2010,pm2_5,POWER_INDUSTRY,745.0983963012695
Shenyang,2010,pm2_5,TRANSPORT,1844.621016478166
Shenyang,2010,so2,POWER_INDUSTRY,14242.596524238586
Shenyang,2011,bc,BUILDINGS,2145.964576601982
Shenyang,2011,bc,POWER_INDUSTRY,36.353819996118546
Shenyang,2011,oc,BUILDINGS,9941.213738918304
Shenyang,2011,pm2_5,BUILDINGS,20852.22961616516
Shenyang,2011,pm2_5,POWER_INDUSTRY,779.2162351608276
Shenyang,2011,pm2_5,TRANSPORT,1834.3683627188439
Shenyang,2011,so2,POWER_INDUSTRY,14480.072338104248
Shenyang,2012,bc,BUILDINGS,2075.005324959755
Shenyang,2012,bc,POWER_INDUSTRY,44.30018052458763
Shenyang,2012,oc,BUILDINGS,9792.54546546936
Shenyang,2012,pm2_5,BUILDINGS,20465.179301261902
Shenyang,2012,pm2_5,POWER_INDUSTRY,953.3056802749634
Shenyang,2012,pm2_5,TRANSPORT,1838.625379382749
Shenyang,2012,so2,POWER_INDUSTRY,17552.00965309143
Shenyang,2013,bc,BUILDINGS,2006.4811127185822
Shenyang,2013,bc,POWER_INDUSTRY,43.65583875775337
Shenyang,2013,oc,BUILDINGS,9722.089671134949
Shenyang,2013,pm2_5,BUILDINGS,20177.647936820984
Shenyang,2013,pm2_5,POWER_INDUSTRY,942.552239894867
Shenyang,2013,pm2_5,TRANSPORT,1664.6175063564442
Shenyang,2013,so2,POWER_INDUSTRY,17027.09571647644
Shenyang,2014,bc,BUILDINGS,1917.7059129476547
Shenyang,2014,bc,POWER_INDUSTRY,41.7582593858242
Shenyang,2014,oc,BUILDINGS,9310.351689815521
Shenyang,2014,pm2_5,BUILDINGS,19297.335354804993
Shenyang,2014,pm2_5,POWER_INDUSTRY,902.363697052002
Shenyang,2014,pm2_5,TRANSPORT,1574.2925469314214
Shenyang,2014,so2,POWER_INDUSTRY,16033.810457229614
Shenyang,2015,bc,BUILDINGS,1919.0259095430374
Shenyang,2015,bc,POWER_INDUSTRY,37.660203635692596
Shenyang,2015,oc,BUILDINGS,9414.0261759758
Shenyang,2015,pm2_5,BUILDINGS,19467.557746887207
Shenyang,2015,pm2_5,POWER_INDUSTRY,814.2464218139648
Shenyang,2015,pm2_5,TRANSPORT,1460.6895247413777
Shenyang,2015,so2,POWER_INDUSTRY,14231.6555519104
